sae_feature_id,count_wrong,count_correct,freq_correct,freq_wrong,total_count,freq_total,freq_difference_wrong_minus_correct
15477,5.0,35.0,0.35,0.5555555555555556,40.0,0.3669724770642202,0.2055555555555556
4857,0.0,2.0,0.02,0.0,2.0,0.01834862385321101,-0.02
3228,2.0,30.0,0.3,0.2222222222222222,32.0,0.29357798165137616,-0.07777777777777778
9779,3.0,45.0,0.45,0.3333333333333333,48.0,0.44036697247706424,-0.1166666666666667
